Name,BSE Code,NSE Code,Industry
3M India,523395,3MINDIA,Diversified - Large
5Paisa Capital,540776,5PAISA,Finance & Investments
63 Moons Tech.,526881,63MOONS,Computers - Software - Medium / Small
A B B,500002,ABB,Electric Equipment
A B Real Estate,500040,ABREL,Paper
Aarti Drugs,524348,AARTIDRUGS,Pharmaceuticals - Indian - Bulk Drugs
Aarti Industries,524208,AARTIIND,Chemicals
Aarti Pharma,543748,AARTIPHARM,Pharmaceuticals - Indian - Bulk Drugs & Formln
Abans Holdings,543712,AHL,Finance & Investments
Abbott India,500488,ABBOTINDIA,Pharmaceuticals - Multinational
ACC,500410,ACC,Cement - North India
Accelya Solution,532268,ACCELYA,Computers - Software - Medium / Small
Action Const.Eq.,532762,ACE,Engineering
Adani Energy Sol,539254,ADANIENSOL,Power Generation And Supply
Adani Enterp.,512599,ADANIENT,Trading
Adani Ports,532921,ADANIPORTS,Miscellaneous
Adani Power,533096,ADANIPOWER,Power Generation And Supply
Adani Total Gas,542066,ATGL,Miscellaneous
Adani Wilmar,543458,AWL,Solvent Extraction
ADF Foods,519183,ADFFOODS,Food - Processing - Indian
Aditya AMC,543374,ABSLAMC,Finance & Investments
Ador Welding,517041,ADORWELD,Electrodes - Welding Equipment
Advait Infratech,543230,,Construction
Advanced Enzyme,540025,ADVENZYMES,Pharmaceuticals - Indian - Bulk Drugs & Formln
Aegis Logistics,500003,AEGISLOG,Trading
Aeroflex,543972,AEROFLEX,Steel - Medium / Small
Afcons Infrastr.,544280,AFCONS,Construction
Agarwal Indl.,531921,AGARIND,Petrochemicals
AGI Greenpac,500187,AGI,Packaging
AGI Infra,539042,AGIIL,Construction
Agro Tech Foods.,500215,ATFL,Food - Processing - Indian
Ahluwalia Contr.,532811,AHLUCONT,Construction
AIA Engineering,532683,AIAENG,Castings & Forgings
Aimtron,,AIMTRON,Electronics - Components
Ajanta Pharma,532331,AJANTPHARM,Pharmaceuticals - Indian - Formulations
Ajmera Realty,513349,AJMERA,Construction
Akums Drugs,544222,AKUMS,Pharmaceuticals - Indian - Bulk Drugs & Formln
Akzo Nobel,500710,AKZOINDIA,Paints / Varnishes
Alembic,506235,ALEMBICLTD,Construction
Alembic Pharma,533573,APLLTD,Pharmaceuticals - Indian - Bulk Drugs & Formln
Alicon Cast.,531147,ALICON,Castings & Forgings
Alkem Lab,539523,ALKEM,Pharmaceuticals - Indian - Bulk Drugs & Formln
Alkyl Amines,506767,ALKYLAMINE,Chemicals
All E Tech,,ALLETEC,Computers - Software - Medium / Small
Alldigi Tech,532633,ALLDIGI,Computers - Software - Medium / Small
Allied Blenders,544203,ABDL,Breweries & Distilleries
Alpex Solar,,ALPEXSOLAR,Electric Equipment
Amara Raja Ener.,500008,ARE&M,Auto Ancillaries
Amber Enterp.,540902,AMBER,Electronics - Components
Ambuja Cements,500425,AMBUJACEM,Cement - North India
Amic Forging,544037,,Castings & Forgings
Amines & Plast.,506248,AMNPLST,Chemicals
Amrutanjan Healt,590006,AMRUTANJAN,Pharmaceuticals - Indian - Formulations
Anand Rathi Wea.,543415,ANANDRATHI,Finance & Investments
Anant Raj,515055,ANANTRAJ,Construction
Andhra Paper,502330,ANDHRAPAP,Paper
Andhra Sugars,590062,ANDHRSUGAR,Chlor Alkali / Soda Ash
Antony Waste han,543254,AWHCL,Miscellaneous
Anuh Pharma,506260,ANUHPHR,Pharmaceuticals - Indian - Bulk Drugs
Apar Inds.,532259,APARINDS,Electric Equipment
Apcotex Industri,523694,APCOTEXIND,Miscellaneous
Apeejay Surrend.,544111,PARKHOTELS,Hotels
APL Apollo Tubes,533758,APLAPOLLO,Steel - Large
Apollo Hospitals,508869,APOLLOHOSP,Healthcare
Apollo Tyres,500877,APOLLOTYRE,Tyres
Aptech,532475,APTECHT,Computers - Education
Archean Chemical,543657,ACI,Chemicals
Arihant Capital,511605,ARIHANTCAP,Finance & Investments
Arihant Super.,506194,ARIHANTSUP,Construction
Arkade,544261,ARKADE,Construction
Arman Financial,531179,ARMANFIN,Finance & Investments
Arrow Greentech,516064,ARROWGREEN,Plastics Products
Artemis Medicare,542919,ARTEMISMED,Healthcare
Arvind Fashions.,542484,ARVINDFASN,Trading
Arvind Ltd,500101,ARVIND,Textiles - Cotton/Blended
Arvind SmartSp.,539301,ARVSMART,Construction
Asahi India Glas,515030,ASAHIINDIA,Glass & Glass Products
Ashapura Minech.,527001,ASHAPURMIN,Mining / Minerals / Metals
Ashiana Housing,523716,ASHIANA,Construction
Ashika Credit,543766,,Finance & Investments
Ashoka Buildcon,533271,ASHOKA,Engineering - Turnkey Services
Asian Energy,530355,ASIANENE,Oil Drilling / Allied Services
Asian Granito,532888,ASIANTILES,Ceramics - Tiles / Sanitaryware
Asian Paints,500820,ASIANPAINT,Paints / Varnishes
ASK Automotive,544022,ASKAUTOLTD,Auto Ancillaries
Assoc.Alcohols,507526,ASALCBR,Breweries & Distilleries
Aster DM Health.,540975,ASTERDM,Healthcare
Astra Microwave,532493,ASTRAMICRO,Telecommunications - Equipment
Astral,532830,ASTRAL,Plastics Products
Astrazeneca Phar,506820,ASTRAZEN,Pharmaceuticals - Multinational
Atul,500027,ATUL,Chemicals
Atul Auto,531795,ATULAUTO,Automobiles - Scooters And 3 - Wheelers
Aurionpro Sol.,532668,AURIONPRO,Computers - Software - Medium / Small
Aurobindo Pharma,524804,AUROPHARMA,Pharmaceuticals - Indian - Bulk Drugs & Formln
Authum Invest,539177,AIIL,Finance & Investments
Automotive Axles,505010,AUTOAXLES,Auto Ancillaries
Avadh Sugar,540649,AVADHSUGAR,Sugar
Avalon Tech,543896,AVALON,Electronics - Components
Avantel,532406,AVANTEL,Telecommunications - Equipment
Avanti Feeds,512573,AVANTIFEED,Food - Processing - Indian
Avenue Super.,540376,DMART,Trading
AVT Natural Prod,519105,AVTNPL,Food - Processing - Indian
AXISCADES Tech.,532395,AXISCADES,Computers - Software - Medium / Small
AYM Syntex,508933,AYMSYNTEX,Textiles - Processing
Azad Engineering,544061,AZAD,Engineering
B P C L,500547,BPCL,Refineries
B.L.Kashyap,532719,BLKASHYAP,Construction
Baazar Style,544243,STYLEBAAZA,Trading
Bajaj Auto,532977,BAJAJ-AUTO,Automobiles - Scooters And 3 - Wheelers
Bajaj Consumer,533229,BAJAJCON,Personal Care - Indian
Bajaj Healthcare,539872,BAJAJHCARE,Pharmaceuticals - Indian - Bulk Drugs & Formln
Bajaj Hindusthan,500032,BAJAJHIND,Sugar
Bajaj Holdings,500490,BAJAJHLDNG,Finance & Investments
Bajel Projects,544042,BAJEL,Engineering - Turnkey Services
Balaji Amines,530999,BALAMINES,Chemicals
Balkrishna Inds,502355,BALKRISIND,Tyres
Balmer Law. Inv.,532485,,Finance & Investments
Balmer Lawrie,523319,BALMLAWRIE,Diversified - Large
Balrampur Chini,500038,BALRAMCHIN,Sugar
Balu Forge,531112,BALUFORGE,Castings & Forgings
Banco Products,500039,BANCOINDIA,Auto Ancillaries
Bannari Amm.Sug.,500041,BANARISUG,Sugar
Bansal Wire Inds,544209,BANSALWIRE,Steel - Medium / Small
BASF India,500042,BASF,Chemicals
Bata India,500043,BATAINDIA,Leather / Leather Products
Bayer Crop Sci.,506285,BAYERCROP,Pesticides / Agrochemicals - Multinational
BCL Industries,524332,BCLIND,Diversified - Medium / Small
Beekay Steel Ind,539018,,Steel - Medium / Small
BEML Ltd,500048,BEML,Engineering
Bengal & Assam,533095,,Finance & Investments
Berger Paints,509480,BERGEPAINT,Paints / Varnishes
Best Agrolife,539660,BESTAGRO,Pesticides / Agrochemicals - Indian
BF Investment,533303,BFINVEST,Finance & Investments
BF Utilities,532430,BFUTILITIE,Power Generation And Supply
Bhagiradha Chem.,531719,BHAGCHEM,Pesticides / Agrochemicals - Indian
Bhansali Engg.,500052,BEPL,Petrochemicals
Bharat Bijlee,503960,BBL,Electric Equipment
Bharat Dynamics,541143,BDL,Engineering
Bharat Electron,500049,BEL,Electronics - Components
Bharat Forge,500493,BHARATFORG,Castings & Forgings
Bharat Global,521238,,Computers - Hardware
Bharat Wire,539799,BHARATWIRE,Steel - Medium / Small
Bharti Hexacom,544162,BHARTIHEXA,Telecommunications - Service Provider
Bhartiya Intl.,526666,BIL,Leather / Leather Products
Bikaji Foods,543653,BIKAJI,Food - Processing - Indian
Biocon,532523,BIOCON,Pharmaceuticals - Indian - Bulk Drugs & Formln
Birla Corpn.,500335,BIRLACORPN,Cement - North India
Birlasoft Ltd,532400,BSOFT,Computers - Software - Medium / Small
Black Box,500463,BBOX,Computers - Software - Medium / Small
Bliss GVS Pharma,506197,BLISSGVS,Pharmaceuticals - Indian - Formulations
BLS E-Services,544107,BLSE,Computers - Software - Medium / Small
BLS Internat.,540073,BLS,Computers - Software - Medium / Small
Blue Dart Expres,526612,BLUEDART,Couriers
Blue Jet Health,544009,BLUEJET,Pharmaceuticals - Indian - Bulk Drugs & Formln
Blue Star,500067,BLUESTARCO,Air-conditioners
BMW Industries,542669,,Steel - Medium / Small
Bombay Burmah,501425,BBTC,Auto Ancillaries
Bombay Dyeing,500020,BOMDYEING,Textiles - Manmade
Bombay Super Hyb,,BSHSL,Miscellaneous
Bondada Engineer,543971,,Engineering - Turnkey Services
Borosil,543212,BOROLTD,Glass & Glass Products
Borosil Renew.,502219,BORORENEW,Glass & Glass Products
Bosch,500530,BOSCHLTD,Auto Ancillaries
Brainbees Solut.,544226,FIRSTCRY,Trading
Brigade Enterpr.,532929,BRIGADE,Construction
Brightcom Group,532368,BCG,Computers - Software - Medium / Small
Britannia Inds.,500825,BRITANNIA,Food - Processing - MNC
BSE,,BSE,Miscellaneous
Butterfly Gan Ap,517421,BUTTERFLY,Domestic Appliances
C D S L,,CDSL,Miscellaneous
C P C L,500110,CHENNPETRO,Refineries
C.E. Info System,543425,MAPMYINDIA,Computers - Software - Medium / Small
C2C Advanced,,C2C,Engineering
Camlin Fine,532834,CAMLINFINE,Chemicals
Campus Activewe.,543523,CAMPUS,Leather / Leather Products
Cams Services,543232,CAMS,Miscellaneous
Cantabil Retail,533267,CANTABIL,Textiles - Products
Capacit'e Infra.,540710,CAPACITE,Construction
Capital India,530879,,Finance & Investments
Caplin Point Lab,524742,CAPLIPOINT,Pharmaceuticals - Indian - Formulations
Carborundum Uni.,513375,CARBORUNIV,Abrasives And Grinding Wheels
CARE Ratings,534804,CARERATING,Miscellaneous
Cartrade Tech,543333,CARTRADE,Miscellaneous
Carysil,524091,CARYSIL,Ceramics - Tiles / Sanitaryware
Castrol India,500870,CASTROLIND,Chemicals
CEAT,500878,CEATLTD,Tyres
Ceigall India,544223,CEIGALL,Construction
Ceinsys Tech,538734,,Computers - Software - Medium / Small
Cellecor Gadgets,,CELLECOR,Trading
Cello World,544012,CELLO,Trading
Centum Electron,517544,CENTUM,Electronics - Components
Century Enka,500280,CENTENKA,Textiles - Manmade
Cera Sanitary.,532443,CERA,Ceramics - Tiles / Sanitaryware
CESC,500084,CESC,Power Generation And Supply
CFF Fluid,543920,,Engineering
CG Power & Ind,500093,CGPOWER,Electric Equipment
Chalet Hotels,542399,CHALET,Hotels
Chambal Fert.,500085,CHAMBLFERT,Fertilizers
Chemfab Alka.,541269,CHEMFAB,Chemicals
Choice Intl.,531358,CHOICEIN,Finance & Investments
CIAN Agro,519477,,Solvent Extraction
CIE Automotive,532756,CIEINDIA,Castings & Forgings
Cigniti Tech.,534758,CIGNITITEC,Computers - Software - Medium / Small
Cipla,500087,CIPLA,Pharmaceuticals - Indian - Bulk Drugs & Formln
CMS Info Systems,543441,CMSINFO,Miscellaneous
Coal India,533278,COALINDIA,Mining / Minerals / Metals
Cochin Shipyard,540678,COCHINSHIP,Miscellaneous
Coforge,532541,COFORGE,Computers - Software - Medium / Small
Colgate-Palmoliv,500830,COLPAL,Personal Care - Multinational
Concord Biotech,543960,CONCORDBIO,Pharmaceuticals - Indian - Bulk Drugs & Formln
Confidence Petro,526829,CONFIPET,Miscellaneous
Container Corpn.,531344,CONCOR,Miscellaneous
Control Print,522295,CONTROLPR,Computers - Hardware
Coromandel Inter,506395,COROMANDEL,Fertilizers
Cosmo First,508814,COSMOFIRST,Packaging
Craftsman Auto,543276,CRAFTSMAN,Auto Ancillaries
Creative Newtech,,CREATIVE,Trading
CRISIL,500092,CRISIL,Miscellaneous
Crompton Gr. Con,539876,CROMPTON,Electric Equipment
Cropster Agro,523105,,Trading
Cube Highways,543899,CUBEINVIT,Construction
Cummins India,500480,CUMMINSIND,Engines
Cupid,530843,CUPID,Miscellaneous
Cyient,532175,CYIENT,Computers - Software - Medium / Small
Cyient DLM,543933,CYIENTDLM,Electronics - Components
D B Corp,533151,DBCORP,Entertainment / Electronic Media Software
D-Link India,533146,DLINKINDIA,Trading
D.P. Abhushan,544161,DPABHUSHAN,Diamond Cutting / Jewellery
Dabur India,500096,DABUR,Personal Care - Indian
Dalmia BharatLtd,542216,DALBHARAT,Cement - South India
Danish Power,,DANISH,Electric Equipment
Data Pattern,543428,DATAPATTNS,Electronics - Components
Datamatics Glob.,532528,DATAMATICS,Computers - Software - Medium / Small
DCM Shriram,523367,DCMSHRIRAM,Diversified - Mega
DCM Shriram Inds,523369,DCMSRIND,Sugar
DCW,500117,DCW,Petrochemicals
DCX Systems,543650,DCXINDIA,Electronics - Components
DDev Plastiks,543547,,Chemicals
DEE Development,544198,DEEDEV,Steel - Medium / Small
Deep Industries,543288,DEEPINDS,Oil Drilling / Allied Services
Deepak Fertiliz.,500645,DEEPAKFERT,Chemicals
Deepak Nitrite,506401,DEEPAKNTR,Chemicals
Delhivery,543529,DELHIVERY,Miscellaneous
Den Networks,533137,DEN,Entertainment / Electronic Media Software
Dhani Services,532960,DHANI,Finance & Investments
Dhanuka Agritech,507717,DHANUKA,Pesticides / Agrochemicals - Indian
Dhunseri Vent.,523736,DVL,Trading
Diffusion Eng,544264,DIFFNKG,Electrodes - Welding Equipment
Dilip Buildcon,540047,DBL,Construction
Divgi Torq,543812,DIVGIITTS,Auto Ancillaries
Divi's Lab.,532488,DIVISLAB,Pharmaceuticals - Indian - Bulk Drugs
Dixon Technolog.,540699,DIXON,Electronics - Consumer
DLF,532868,DLF,Construction
DMCC Speciality,506405,DMCC,Chemicals
Dodla Dairy,543306,DODLA,Food - Processing - Indian
Dolat Algotech,505526,DOLATALGO,Finance & Investments
Dollar Industrie,541403,DOLLAR,Textiles - Products
Dolphin Offshore,522261,DOLPHIN,Oil Drilling / Allied Services
Doms Industries,544045,DOMS,Printing & Stationery
Dr Lal Pathlabs,539524,LALPATHLAB,Healthcare
Dr Reddy's Labs,500124,DRREDDY,Pharmaceuticals - Indian - Bulk Drugs & Formln
Dreamfolks Servi,543591,DREAMFOLKS,Miscellaneous
Dredging Corpn.,523618,DREDGECORP,Miscellaneous
Dwarikesh Sugar,532610,DWARKESH,Sugar
Dynacons Sys.,532365,DSSL,Computers - Software - Medium / Small
Dynamic Cables,540795,DYCL,Cables - Power
E2E Networks,,E2E,Computers - Software - Medium / Small
Easy Trip Plann.,543272,EASEMYTRIP,Travel Agencies
eClerx Services,532927,ECLERX,Computers - Software - Medium / Small
Eco Recyc.,530643,,Miscellaneous
Ecos (India),544239,ECOSMOBLTY,Travel Agencies
EFC (I),512008,,Construction
Eicher Motors,505200,EICHERMOT,Automobiles - Motorcycles / Mopeds
EID Parry,500125,EIDPARRY,Sugar
EIH,500840,EIHOTEL,Hotels
EIH Assoc.Hotels,523127,EIHAHOTELS,Hotels
Elecon Engg.Co,505700,ELECON,Engineering
Electronics Mart,543626,EMIL,Trading
Electrost.Cast.,500128,ELECTCAST,Castings & Forgings
Elgi Equipments,522074,ELGIEQUIP,Compressors / Drilling Equipment
Elin Electronics,543725,ELIN,Electronics - Components
Elpro Internatio,504000,,Construction
Emami,531162,EMAMILTD,Personal Care - Indian
Embassy Off.REIT,542602,EMBASSY,Construction
Emcure Pharma,544210,EMCURE,Pharmaceuticals - Indian - Bulk Drugs & Formln
eMudhra,543533,EMUDHRA,Computers - Software - Medium / Small
Endurance Tech.,540153,ENDURANCE,Auto Ancillaries
Engineers India,532178,ENGINERSIN,Engineering - Turnkey Services
Enkei Wheels,533477,,Auto Ancillaries
Entero Healthcar,544122,ENTERO,Trading
Epack Durable,544095,EPACK,Air-conditioners
Epigral,543332,EPIGRAL,Chlor Alkali / Soda Ash
EPL Ltd,500135,EPL,Packaging
ERIS Lifescience,540596,ERIS,Pharmaceuticals - Indian - Formulations
Esab India,500133,ESABINDIA,Electrodes - Welding Equipment
Escorts Kubota,500495,ESCORTS,Automobiles - Tractors
Essen Speciality,,ESFL,Plastics Products
Ethos Ltd,543532,ETHOSLTD,Trading
Eureka Forbes,543482,EUREKAFORB,Domestic Appliances
Eveready Inds.,531508,EVEREADY,Dry Cells
Everest Inds.,508906,EVERESTIND,Cement Products
Everest Kanto,532684,EKC,Packaging
Excel Industries,500650,EXCELINDUS,Pesticides / Agrochemicals - Indian
Exicom Tele-Sys.,544133,EXICOM,Electric Equipment
Exide Inds.,500086,EXIDEIND,Auto Ancillaries
Expleo Solutions,533121,EXPLEOSOL,Computers - Software - Medium / Small
F A C T,590024,FACT,Fertilizers
Fairchem Organic,543252,FAIRCHEMOR,Chemicals
Faze Three,530079,FAZE3Q,Textiles - Processing
FDC,531599,FDC,Pharmaceuticals - Indian - Bulk Drugs & Formln
Fedders Holding,511628,,Finance & Investments
Federal-Mogul Go,505744,FMGOETZE,Auto Ancillaries
Fermenta Biotec.,506414,,Pharmaceuticals - Indian - Bulk Drugs
Fiem Industries,532768,FIEMIND,Auto Ancillaries
Filatex India,526227,FILATEX,Textiles - Manmade
Fine Organic,541557,FINEORG,Chemicals
Fineotex Chem,533333,FCL,Chemicals
Finkurve Fin.,508954,,Finance & Investments
Finolex Cables,500144,FINCABLES,Cables - Power
Finolex Inds.,500940,FINPIPE,Plastics Products
Firstsour.Solu.,532809,FSL,Computers - Software - Medium / Small
Five-Star Bus.Fi,543663,FIVESTAR,Finance & Investments
Flair Writing,544030,FLAIR,Printing & Stationery
Force Motors,500033,FORCEMOT,Automobiles - LCVs / HCVs
Fortis Health.,532843,FORTIS,Healthcare
FSN E-Commerce,543384,NYKAA,Trading
G M Breweries,507488,GMBREW,Breweries & Distilleries
G M D C,532181,GMDCLTD,Mining / Minerals / Metals
G N F C,500670,GNFC,Chemicals
G R Infraproject,543317,GRINFRA,Construction
Gabriel India,505714,GABRIEL,Auto Ancillaries
GAIL (India),532155,GAIL,Miscellaneous
Gala Precis. Eng,544244,GALAPREC,Fasteners
Galaxy Surfact.,540935,GALAXYSURF,Chemicals
Gallantt Ispat L,532726,GALLANTT,Steel - Medium / Small
Gandhi Spl. Tube,513108,GANDHITUBE,Steel - Medium / Small
Ganesh Benzopl.,500153,GANESHBE,Miscellaneous
Ganesh Housing,526367,GANESHHOUC,Construction
Ganesha Ecosphe.,514167,GANECOS,Textiles - Processing
Garden Reach Sh.,542011,GRSE,Miscellaneous
Garuda Cons,544271,GARUDA,Construction
Garware Hi Tech,500655,GRWRHITECH,Packaging
Garware Tech.,509557,GARFIBRES,Textiles - Products
Gateway Distri,543489,GATEWAY,Miscellaneous
GE Power,532309,GEPIL,Engineering - Turnkey Services
GE Shipping Co,500620,GESHIP,Shipping
GE Vernova T&D,522275,GVT&D,Electric Equipment
General Insuranc,540755,GICRE,Finance & Investments
Genesys Intl.,506109,GENESYS,Computers - Software - Medium / Small
Genus Power,530343,GENUSPOWER,Electronics - Components
Geojit Fin. Ser.,532285,GEOJITFSL,Finance & Investments
GFL,500173,GFLLIMITED,Finance & Investments
GHCL,500171,GHCL,Chemicals
GHCL Textiles,543918,GHCLTEXTIL,Textiles - Spinning - Synthetic / Blended
Gillette India,507815,GILLETTE,Personal Care - Multinational
Gland Pharma,543245,GLAND,Pharmaceuticals - Indian - Formulations
Glaxosmi. Pharma,500660,GLAXO,Pharmaceuticals - Multinational
Glenmark Life,543322,GLS,Pharmaceuticals - Indian - Bulk Drugs & Formln
Global Health,543654,MEDANTA,Healthcare
GMM Pfaudler,505255,GMMPFAUDLR,Engineering
Go Digit General,544179,GODIGIT,Finance & Investments
Go Fashion (I),543401,GOCOLORS,Textiles - Products
GOCL Corpn.,506480,GOCLCORP,Chemicals
Godavari Bioref.,544279,GODAVARIB,Sugar
Godawari Power,532734,GPIL,Steel - Large
Godfrey Phillips,500163,GODFRYPHLP,Cigarettes
Godrej Agrovet,540743,GODREJAGRO,Food - Processing - Indian
Godrej Consumer,532424,GODREJCP,Personal Care - Indian
Gokul Agro,539725,GOKULAGRO,Solvent Extraction
Goldiam Intl.,526729,GOLDIAM,Diamond Cutting / Jewellery
Goodluck India,530655,GOODLUCK,Steel - Medium / Small
Goodyear India,500168,GOODYEAR,Tyres
Gopal Snacks,544140,GOPAL,Food - Processing - Indian
GPT Healthcare,544131,GPTHEALTH,Healthcare
GPT Infraproject,533761,GPTINFRA,Construction
Graphite India,509488,GRAPHITE,Electrodes - Graphites
Grasim Inds,500300,GRASIM,Textiles - Manmade
Grauer & Weil,505710,GRAUWEIL,Chemicals
Gravita India,533282,GRAVITA,Mining / Minerals / Metals
Greenlam Industr,538979,GREENLAM,Miscellaneous
Greenply Industr,526797,GREENPLY,Miscellaneous
Grindwell Norton,506076,GRINDWELL,Abrasives And Grinding Wheels
GRM Overseas,531449,GRMOVER,Food - Processing - Indian
GTPL Hathway,540602,GTPL,Entertainment / Electronic Media Software
Gufic BioScience,509079,GUFICBIO,Pharmaceuticals - Indian - Bulk Drugs & Formln
Guj Inds. Power,517300,GIPCL,Power Generation And Supply
Guj Pipavav Port,533248,GPPL,Miscellaneous
Guj. Ambuja Exp,524226,GAEL,Miscellaneous
Guj. Themis Bio.,506879,,Pharmaceuticals - Indian - Bulk Drugs
Guj.St.Petronet,532702,GSPL,Miscellaneous
Gujarat Alkalies,530001,GUJALKALI,Chlor Alkali / Soda Ash
Gujarat Fluoroch,542812,FLUOROCHEM,Chemicals
Gujarat Gas,539336,GUJGASLTD,Miscellaneous
Gulf Oil Lubric.,538567,GULFOILLUB,Chemicals
Gulshan Polyols,532457,GULPOLY,Miscellaneous
H P C L,500104,HINDPETRO,Refineries
H.G. Infra Engg.,541019,HGINFRA,Construction
Happiest Minds,543227,HAPPSTMNDS,Computers - Software - Medium / Small
Happy Forgings,544057,HAPPYFORGE,Castings & Forgings
Hardwyn India,541276,HARDWYN,Trading
Harsha Engg Intl,543600,HARSHA,Auto Ancillaries
Hathway Cable,533162,HATHWAY,Telecommunications - Service Provider
Hatsun Agro,531531,HATSUN,Food - Processing - Indian
Havells India,517354,HAVELLS,Electric Equipment
HBL Engineering,517271,HBLPOWER,Auto Ancillaries
HCL Technologies,532281,HCLTECH,Computers - Software - Large
HDFC AMC,541729,HDFCAMC,Finance & Investments
HDFC Life Insur.,540777,HDFCLIFE,Finance & Investments
Health.Global,539787,HCG,Healthcare
HEG,509631,HEG,Electrodes - Graphites
Heidelberg Cem.,500292,HEIDELBERG,Cement - North India
Heranba Inds,543266,HERANBA,Pesticides / Agrochemicals - Indian
Heritage Foods,519552,HERITGFOOD,Food - Processing - Indian
Hero Motocorp,500182,HEROMOTOCO,Automobiles - Motorcycles / Mopeds
Heubach Colorant,506390,HEUBACHIND,Dyes And Pigments
Hexa Tradex,534328,HEXATRADEX,Trading
Hikal,524735,HIKAL,Pharmaceuticals - Indian - Bulk Drugs
Himadri Special,500184,HSCL,Chemicals
Himatsing. Seide,514043,HIMATSEIDE,Textiles - Products
Hind Rectifiers,504036,HIRECT,Electronics - Components
Hind. Unilever,500696,HINDUNILVR,Personal Care - Multinational
Hind.Aeronautics,541154,HAL,Engineering
Hind.Oil Explor.,500186,HINDOILEXP,Oil Drilling / Allied Services
Hindalco Inds.,500440,HINDALCO,Aluminium and Aluminium Products
Hinduja Global,532859,HGS,Computers - Software - Medium / Small
Hindustan Copper,513599,HINDCOPPER,Mining / Minerals / Metals
Hindustan Foods,519126,HNDFDS,Diversified - Large
Hindustan Zinc,500188,HINDZINC,Mining / Minerals / Metals
Hindware Home In,542905,HINDWAREAP,Trading
Hitachi Energy,543187,POWERINDIA,Electric Equipment
HLE Glascoat,522215,HLEGLAS,Engineering
HLV,500193,HLVLTD,Hotels
HMA Agro Inds.,543929,HMAAGRO,Food - Processing - Indian
Honasa Consumer,544014,HONASA,Trading
Honda India,522064,HONDAPOWER,Electric Equipment
HPL Electric,540136,HPL,Electric Equipment
Hubtown,532799,HUBTOWN,Construction
Huhtamaki India,509820,HUHTAMAKI,Packaging
Hyundai Motor I,544274,HYUNDAI,Automobiles - Passenger Cars
I O C L,530965,IOC,Refineries
I R C T C,542830,IRCTC,Travel Agencies
I T D C,532189,ITDC,Hotels
ICE Make Refrig.,,ICEMAKE,Electric Equipment
ICICI Lombard,540716,ICICIGI,Finance & Investments
ICICI Pru Life,540133,ICICIPRULI,Finance & Investments
Ideaforge Tech,543932,IDEAFORGE,Engineering
IFB Industries,505726,IFBIND,Domestic Appliances
IFCI,500106,IFCI,Finance - Term-Lending Institutions
IFGL Refractori.,540774,IFGLEXPOR,Refractories / Intermediates
Igarashi Motors,517380,IGARASHI,Electric Equipment
IIFL Capital,542773,IIFLCAPS,Finance & Investments
Imagica. Enter.,539056,IMAGICAA,Recreation / Amusement Parks
Indegene,544172,INDGN,Miscellaneous
India Cements,530005,INDIACEM,Cement - South India
India Glycols,500201,INDIAGLYCO,Breweries & Distilleries
India Motor Part,590065,IMPAL,Auto Ancillaries
India Nipp.Elec.,532240,INDNIPPON,Auto Ancillaries
India Pesticides,543311,IPL,Pesticides / Agrochemicals - Indian
India Power Corp,,DPSCLTD,Power Generation And Supply
INDIA SHELTE FIN,544044,INDIASHLTR,Finance - Housing
Indiamart Inter.,542726,INDIAMART,Miscellaneous
Indian Energy Ex,540750,IEX,Miscellaneous
Indian Hotels Co,500850,INDHOTEL,Hotels
Indian Hume Pipe,504741,INDIANHUME,Construction
Indian Metals,533047,IMFA,Mining / Minerals / Metals
Indigo Paints,543258,INDIGOPNTS,Paints / Varnishes
Indo Amines,524648,INDOAMIN,Chemicals
Indo Count Inds.,521016,ICIL,Textiles - Cotton/Blended
Indo Tech.Trans.,532717,INDOTECH,Electric Equipment
Indrapr.Medical,532150,INDRAMEDCO,Healthcare
Indraprastha Gas,532514,IGL,Miscellaneous
Indus Towers,534816,INDUSTOWER,Transmisson Line Towers / Equipment
Infibeam Avenues,539807,INFIBEAM,Computers - Software - Medium / Small
Info Edg.(India),532777,NAUKRI,Miscellaneous
InfoBeans Tech.,543644,INFOBEAN,Computers - Software - Medium / Small
Infosys,500209,INFY,Computers - Software - Large
Ingersoll-Rand,500210,INGERRAND,Compressors / Drilling Equipment
Innova Captab,544067,INNOVACAP,Pharmaceuticals - Indian - Bulk Drugs & Formln
Inox Green,543667,INOXGREEN,Miscellaneous
Inox India,544046,INOXINDIA,Packaging
Inox Wind,539083,INOXWIND,Electric Equipment
Inox Wind Energy,543297,IWEL,Power Generation And Supply
Insecticid.India,532851,INSECTICID,Pesticides / Agrochemicals - Indian
Insolation Ener,543620,,Electric Equipment
Intellect Design,538835,INTELLECT,Computers - Software - Medium / Small
Interarch Build.,544232,INTERARCH,Steel - Medium / Small
IOL Chemicals,524164,IOLCP,Pharmaceuticals - Indian - Bulk Drugs & Formln
ION Exchange,500214,IONEXCHANG,Engineering - Turnkey Services
Ipca Labs.,524494,IPCALAB,Pharmaceuticals - Indian - Bulk Drugs & Formln
IRB Infra.Devl.,532947,IRB,Construction
IRB InvIT Fund,540526,IRBINVIT,Construction
Ircon Intl.,541956,IRCON,Construction
IRM Energy,544004,IRMENERGY,Miscellaneous
ISGEC Heavy,533033,ISGEC,Engineering - Turnkey Services
IST,508807,,Auto Ancillaries
ITC,500875,ITC,Cigarettes
ITD Cem,509496,ITDCEM,Construction
J B Chemicals &,506943,JBCHEPHARM,Pharmaceuticals - Indian - Bulk Drugs & Formln
J K Cements,532644,JKCEMENT,Cement - North India
J Kumar Infra,532940,JKIL,Construction
J.G.Chemicals,544138,JGCHEM,Chemicals
Jagran Prakashan,532705,JAGRAN,Entertainment / Electronic Media Software
Jagsonpal Pharma,507789,JAGSNPHARM,Pharmaceuticals - Indian - Bulk Drugs & Formln
Jai Balaji Inds.,532976,JAIBALAJI,Steel - Large
Jai Corp,512237,JAICORPLTD,Plastics Products
Jain Irrigation,500219,JISLJALEQS,Plastics Products
Jamna Auto Inds.,520051,JAMNAAUTO,Auto Ancillaries
Jash Engineering,,JASH,Engineering
Jayaswal Neco,522285,JAYNECOIND,Steel - Large
Jeena Sikho,,JSLL,Pharmaceuticals - Indian - Formulations
Jindal Drilling,511034,JINDRILL,Oil Drilling / Allied Services
Jindal Poly Film,500227,JINDALPOLY,Textiles - Products
Jindal Saw,500378,JINDALSAW,Steel - Large
Jindal Stain.,532508,JSL,Steel - Large
Jindal Steel,532286,JINDALSTEL,Steel - Sponge Iron
JK Lakshmi Cem.,500380,JKLAKSHMI,Cement - North India
JK Paper,532162,JKPAPER,Paper
JK Tyre & Indust,530007,JKTYRE,Tyres
JM Financial,523405,JMFINANCIL,Finance & Investments
JNK,544167,JNKINDIA,Engineering
Johnson Con. Hit,523398,JCHAC,Air-conditioners
JP Power Ven.,532627,JPPOWER,Power Generation And Supply
JSW Energy,533148,JSWENERGY,Power Generation And Supply
JSW Holdings,532642,JSWHL,Finance & Investments
JSW Infrast,543994,JSWINFRA,Miscellaneous
JSW Steel,500228,JSWSTEEL,Steel - Large
JTEKT India,520057,JTEKTINDIA,Auto Ancillaries
Jubilant Food.,533155,JUBLFOOD,Hotels
Jubilant Ingrev.,543271,JUBLINGREA,Chemicals
Jubilant Pharmo,530019,JUBLPHARMA,Pharmaceuticals - Indian - Bulk Drugs
Juniper Hotels,544129,JUNIPER,Hotels
Jupiter Life Lin,543980,JLHL,Healthcare
Jupiter Wagons,533272,JWL,Engineering
Just Dial,535648,JUSTDIAL,Miscellaneous
Jyothy Labs,532926,JYOTHYLAB,Personal Care - Indian
Jyoti CNC Auto.,544081,JYOTICNC,Engineering
Jyoti Resins,514448,,Chemicals
K C P,590066,KCP,Cement - South India
K E C Intl.,532714,KEC,Transmisson Line Towers / Equipment
K P R Mill Ltd,532889,KPRMILL,Textiles - Products
K.P. Energy,539686,KPEL,Engineering - Turnkey Services
K&R Rail Engine.,514360,,Construction
Kajaria Ceramics,500233,KAJARIACER,Ceramics - Tiles / Sanitaryware
Kalpataru Proj.,522287,KPIL,Transmisson Line Towers / Equipment
Kalyan Jewellers,543278,KALYANKJIL,Diamond Cutting / Jewellery
Kalyani Steels,500235,KSL,Steel - Medium / Small
Kama Holdings,532468,,Finance & Investments
Kamdhenu,532741,KAMDHENU,Steel - Medium / Small
Kansai Nerolac,500165,KANSAINER,Paints / Varnishes
Kaveri Seed Co.,532899,KSCL,Miscellaneous
KDDL Ltd,532054,KDDL,Miscellaneous
KEI Industries,517569,KEI,Cables - Power
Kellton Tech,519602,KELLTONTEC,Computers - Software - Medium / Small
Kennametal India,505890,KENNAMET,Castings & Forgings
Kesar India,543542,,Construction
Kewal Kir.Cloth.,532732,KKCL,Textiles - Products
Keystone Realtor,543669,RUSTOMJEE,Construction
KFin Technolog.,543720,KFINTECH,Miscellaneous
Khazanchi Jewell,543953,,Trading
Kilburn Engg.,522101,,Engineering
Kingfa Science,524019,KINGFA,Plastics Products
KIOCL,540680,KIOCL,Mining / Minerals / Metals
Kiri Industries,532967,KIRIINDUS,Dyes And Pigments
Kirl. Brothers,500241,KIRLOSBROS,Pumps
Kirl. Electric,533193,KECL,Electric Equipment
Kirl. Ferrous,500245,KIRLFER,Steel - Pig Iron
Kirl.Pneumatic,505283,KIRLPNU,Compressors / Drilling Equipment
Kirloskar Indus.,500243,KIRLOSIND,Finance & Investments
Kirloskar Oil,533293,KIRLOSENG,Engines
Kitex Garments,521248,KITEX,Textiles - Products
KMC Speciality,524520,,Healthcare
Knowledge Marine,543273,KMEW,Miscellaneous
KNR Construct.,532942,KNRCON,Construction
Kody Technolab,,KODYTECH,Computers - Software - Medium / Small
Kokuyo Camlin,523207,KOKUYOCMLN,Printing & Stationery
Kopran,524280,KOPRAN,Pharmaceuticals - Indian - Bulk Drugs & Formln
Kothari Petroche,,KOTHARIPET,Petrochemicals
Kovai Medical,523323,KOVAI,Healthcare
KP Green Engg.,544150,,Engineering
KPI Green Energy,542323,KPIGREEN,Construction
KPIT Technologi.,542651,KPITTECH,Computers - Software - Medium / Small
Krishna Defence,,KRISHNADEF,Diversified - Medium / Small
Krishna Institu.,543308,KIMS,Healthcare
Kross Ltd,544253,KROSS,Auto Ancillaries
Krystal Integrat,544149,KRYSTAL,Miscellaneous
KSB,500249,KSB,Pumps
Ksolves India,543599,KSOLVES,Computers - Software - Medium / Small
Kuantum Papers,532937,KUANTUM,Paper
L G Balakrishnan,500250,LGBBROSLTD,Auto Ancillaries
L T Foods,532783,LTFOODS,Food - Processing - Indian
L&T Technology,540115,LTTS,Computers - Software - Large
La Opala RG,526947,LAOPALA,Glass & Glass Products
Larsen & Toubro,500510,LT,Engineering - Turnkey Services
Latent View,543398,LATENTVIEW,Computers - Software - Medium / Small
Laxmi Goldorna,,LGHL,Construction
Laxmi Organic,543277,LXCHEM,Chemicals
Le Travenues,544192,IXIGO,Travel Agencies
Life Insurance,543526,LICI,Finance & Investments
Likhitha Infra.,543240,LIKHITHA,Construction
Linc,531241,LINC,Printing & Stationery
Lincoln Pharma.,531633,LINCOLN,Pharmaceuticals - Indian - Formulations
Linde India,523457,LINDEINDIA,Chemicals
Lloyds Engineeri,539992,LLOYDSENGG,Engineering
Lloyds Enterpris,512463,LLOYDSENT,Trading
Lloyds Metals,512455,LLOYDSME,Mining / Minerals / Metals
LMW,500252,LMW,Textile Machinery
LS Industries,514446,,Textiles - Processing
Lumax Auto Tech.,532796,LUMAXTECH,Auto Ancillaries
Lupin,500257,LUPIN,Pharmaceuticals - Indian - Bulk Drugs & Formln
Lux Industries,539542,LUXIND,Textiles - Composite
M & M,500520,M&M,Automobiles - Passenger Cars
M B Agro Prod.,,MBAPL,Fertilizers
M M Forgings,522241,MMFL,Castings & Forgings
M R P L,500109,MRPL,Refineries
Macrotech Devel.,543287,LODHA,Construction
Mafatlal Inds.,500264,,Textiles - Composite
Magellanic Cloud,538891,,Computers - Software - Medium / Small
Mah. Scooters,500266,MAHSCOOTER,Finance & Investments
Mah. Seamless,500265,MAHSEAMLES,Steel - Medium / Small
Mahanagar Gas,539957,MGL,Miscellaneous
Mahindra Logis.,540768,MAHLOG,Miscellaneous
Man Industries,513269,MANINDS,Steel - Medium / Small
Man Infra,533169,MANINFRA,Construction
Manali Petrochem,500268,MANALIPETC,Petrochemicals
Mangalam Cement,502157,MANGLMCEM,Cement - North India
Mangalore Chem.,530011,MANGCHEFER,Fertilizers
Mankind Pharma,543904,MANKIND,Pharmaceuticals - Indian - Bulk Drugs & Formln
Manoj Vaibhav,543995,MVGJL,Diamond Cutting / Jewellery
Maple Inf. Trust,543925,,Construction
Marathon Nextgen,503101,MARATHON,Construction
Marico,531642,MARICO,Solvent Extraction
Marksans Pharma,524404,MARKSANS,Pharmaceuticals - Indian - Formulations
Marsons,517467,,Electric Equipment
Maruti Suzuki,532500,MARUTI,Automobiles - Passenger Cars
Mastek,523704,MASTEK,Computers - Software - Medium / Small
Master Trust,511768,MASTERTR,Finance & Investments
Matrimony.com,540704,MATRIMONY,Miscellaneous
Max Financial,500271,MFSL,Finance & Investments
Max Healthcare,543220,MAXHEALTH,Healthcare
Mayur Uniquoters,522249,MAYURUNIQ,Leather / Leather Products
Mazagon Dock,543237,MAZDOCK,Miscellaneous
Media Matrix,512267,,Entertainment / Electronic Media Software
Medplus Health,543427,MEDPLUS,Trading
Metropolis Healt,542650,METROPOLIS,Healthcare
MIC Electronics,532850,MICEL,Electronics - Components
Minda Corp,538962,MINDACORP,Auto Ancillaries
Mindspace Busine,543217,MINDSPACE,Construction
Mishra Dhatu Nig,541195,MIDHANI,Steel - Medium / Small
MMTC,513377,MMTC,Trading
MOIL,533286,MOIL,Mining / Minerals / Metals
Mold-Tek Pack.,533080,MOLDTKPAC,Packaging
Monarch Networth,511551,MONARCH,Finance & Investments
Monte Carlo Fas.,538836,MONTECARLO,Textiles - Products
Morepen Labs.,500288,MOREPENLAB,Pharmaceuticals - Indian - Bulk Drugs & Formln
Moschip Tech.,532407,,Computers - Software - Medium / Small
Motherson Wiring,543498,MSUMI,Auto Ancillaries
Motil.Oswal.Fin.,532892,MOTILALOFS,Finance & Investments
Motisons Jewel,544053,MOTISONS,Diamond Cutting / Jewellery
Mphasis,526299,MPHASIS,Computers - Software - Large
MPS,532440,MPSLTD,Computers - Software - Medium / Small
Mrs Bectors,543253,BECTORFOOD,Food - Processing - Indian
MSP Steel & Pow.,532650,MSPL,Steel - Medium / Small
MTAR Technologie,543270,MTARTECH,Engineering
Mukand,500460,MUKANDLTD,Steel - Large
Mukka Proteins,544135,MUKKA,Food - Processing - Indian
Multi Comm. Exc.,534091,MCX,Miscellaneous
Munjal Auto Inds,520059,MUNJALAU,Auto Ancillaries
Narayana Hrudaya,539551,NH,Healthcare
Natco Pharma,524816,NATCOPHARM,Pharmaceuticals - Indian - Bulk Drugs & Formln
National Standar,504882,,Construction
Natl. Aluminium,532234,NATIONALUM,Aluminium and Aluminium Products
Natl.Fertilizer,523630,NFL,Fertilizers
Nava,513023,NAVA,Diversified - Large
Navneet Educat.,508989,NAVNETEDUL,Printing & Stationery
Nazara Technolo.,543280,NAZARA,Telecommunications - Service Provider
NBCC,534309,NBCC,Miscellaneous
NCC,500294,NCC,Construction
NDR Auto Compon.,543214,NDRAUTO,Auto Ancillaries
Nelcast,532864,NELCAST,Castings & Forgings
NELCO,504112,NELCO,Telecommunications - Service Provider
NESCO,505355,NESCO,Construction
Nestle India,500790,NESTLEIND,Food - Processing - MNC
Netweb Technol.,543945,NETWEB,Computers - Hardware
Network People,,NPST,Computers - Software - Medium / Small
Netwrk.18 Media,532798,NETWORK18,Entertainment / Electronic Media Software
Neuland Labs.,524558,NEULANDLAB,Pharmaceuticals - Indian - Bulk Drugs
New India Assura,540769,NIACL,Finance & Investments
Newgen Software,540900,NEWGEN,Computers - Software - Medium / Small
NHPC Ltd,533098,NHPC,Power Generation And Supply
NIBE,535136,,Engineering
NIIT,500304,NIITLTD,Computers - Education
NIIT Learning,543952,NIITMTS,Computers - Education
Nilkamal Ltd,523385,NILKAMAL,Plastics Products
NINtec Systems,539843,NINSYS,Computers - Software - Medium / Small
Nippon Life Ind.,540767,NAM-INDIA,Finance & Investments
Nitin Spinners,532698,NITINSPIN,Textiles - Cotton/Blended
Niva Bupa Health,544286,NIVABUPA,Finance & Investments
NLC India,513683,NLCINDIA,Power Generation And Supply
NMDC,526371,NMDC,Mining / Minerals / Metals
NOCIL,500730,NOCIL,Chemicals
Novartis India,500672,NOVARTIND,Pharmaceuticals - Indian - Bulk Drugs & Formln
NRB Bearings,530367,NRBBEARING,Bearings
NTPC,532555,NTPC,Power Generation And Supply
Nucleus Soft.,531209,NUCLEUS,Computers - Software - Medium / Small
Nuvoco Vistas,543334,NUVOCO,Cement - North India
O N G C,500312,ONGC,Oil Drilling / Allied Services
Oberoi Realty,533273,OBEROIRLTY,Construction
Oil India,533106,OIL,Oil Drilling / Allied Services
Ola Electric,544225,OLAELEC,Automobiles - Motorcycles / Mopeds
Olectra Greentec,532439,OLECTRA,Automobiles - LCVs / HCVs
Om Infra,531092,OMINFRAL,Engineering - Turnkey Services
One 97,543396,PAYTM,Miscellaneous
One Mobikwik,544305,MOBIKWIK,Miscellaneous
One Point One,,ONEPOINT,Computers - Software - Medium / Small
Optiemus Infra.,530135,OPTIEMUS,Trading
Oracle Fin.Serv.,532466,OFSS,Computers - Software - Medium / Small
Orchid Pharma,524372,ORCHPHARMA,Pharmaceuticals - Indian - Bulk Drugs & Formln
Oriana Power Ltd,,ORIANA,Engineering - Turnkey Services
Orient,544235,ORIENTTECH,Computers - Software - Medium / Small
Orient Cement,535754,ORIENTCEM,Cement - South India
Orient Electric,541301,ORIENTELEC,Domestic Appliances
Orient Green,533263,GREENPOWER,Power Generation And Supply
Oriental Aromat.,500078,OAL,Chemicals
Oriental Hotels,500314,ORIENTHOT,Hotels
Oriental Rail,531859,,Miscellaneous
Oswal Green Tech,539290,OSWALGREEN,Finance & Investments
P & G Health Ltd,500126,PGHL,Pharmaceuticals - Multinational
P & G Hygiene,500459,PGHH,Personal Care - Multinational
P I Industries,523642,PIIND,Pesticides / Agrochemicals - Indian
P N Gadgil Jewe.,544256,PNGJL,Diamond Cutting / Jewellery
Page Industries,532827,PAGEIND,Textiles - Products
Paisalo Digital,532900,PAISALO,Finance & Investments
Pakka,516030,PAKKA,Paper
Panacea Biotec,531349,PANACEABIO,Pharmaceuticals - Indian - Bulk Drugs & Formln
Panama Petrochem,524820,PANAMAPET,Petrochemicals
Panorama Studios,539469,,Entertainment / Electronic Media Software
Paradeep Phosph.,543530,PARADEEP,Fertilizers
Parag Milk Foods,539889,PARAGMILK,Food - Processing - Indian
Paramount Comm.,530555,PARACABLES,Cables - Power
Patanjali Foods,500368,PATANJALI,Solvent Extraction
Patel Engineerin,531120,PATELENG,Construction
PB Fintech.,543390,POLICYBZR,Computers - Software - Medium / Small
PCBL Ltd,506590,PCBL,Chemicals
Pearl Global Ind,532808,PGIL,Textiles - Products
Peninsula Land,503031,PENINLAND,Construction
Pennar Industrie,513228,PENIND,Steel - Medium / Small
Persistent Sys,533179,PERSISTENT,Computers - Software - Large
Petronet LNG,532522,PETRONET,Miscellaneous
Pfizer,500680,PFIZER,Pharmaceuticals - Multinational
PG Electroplast,533581,PGEL,Electronics - Components
Phoenix Mills,503100,PHOENIXLTD,Construction
Piccadily Agro,530305,,Breweries & Distilleries
Pidilite Inds.,500331,PIDILITIND,Chemicals
Pilani Invest.,539883,PILANIINVS,Finance & Investments
Piramal Pharma,543635,PPLPHARMA,Pharmaceuticals - Indian - Bulk Drugs & Formln
Pitti Engg.,513519,PITTIENG,Engineering
Pix Transmission,500333,PIXTRANS,Miscellaneous
Platinum Industr,544134,PLATIND,Chemicals
PNC Infratech,539150,PNCINFRA,Construction
PNGS Gargi FJ,543709,,Diamond Cutting / Jewellery
Pokarna,532486,POKARNA,Miscellaneous
Polo Queen Ind.,540717,,Trading
Poly Medicure,531768,POLYMED,Healthcare
Polycab India,542652,POLYCAB,Cables - Power
Polyplex Corpn,524051,POLYPLEX,Packaging
Pondy Oxides,532626,POCL,Mining / Minerals / Metals
Popular Vehicles,544144,PVSL,Trading
Power Grid Corpn,532898,POWERGRID,Power Generation And Supply
Power Mech Proj.,539302,POWERMECH,Engineering - Turnkey Services
Powergrid Infra.,543290,PGINVIT,Power Generation And Supply
Praj Industries,522205,PRAJIND,Engineering
Prakash Industri,506022,PRAKASH,Steel - Medium / Small
Prakash Pipes,542684,PPL,Plastics Products
Prataap Snacks,540724,DIAMONDYD,Food - Processing - Indian
Praveg,531637,,Hotels
Prec. Wires (I),523539,PRECWIRE,Mining / Minerals / Metals
Precision Camshf,539636,PRECAM,Auto Ancillaries
Prem. Explosives,526247,PREMEXPLN,Chemicals
Premier Energies,544238,PREMIERENE,Electric Equipment
Prestige Estates,533274,PRESTIGE,Construction
Pricol Ltd,540293,PRICOLLTD,Auto Ancillaries
Prime Securities,500337,PRIMESECU,Finance & Investments
Prince Pipes,542907,PRINCEPIPE,Plastics Products
Prism Johnson,500338,PRSMJOHNSN,Cement - North India
Privi Speci.,530117,PRIVISCL,Chemicals
Protean eGov,544021,,Computers - Software - Medium / Small
Prudent Corp.,543527,PRUDENT,Finance & Investments
PTC India,532524,PTC,Trading
PTC India Fin,533344,PFS,Finance & Investments
PTC Industries,539006,PTCIL,Castings & Forgings
Pudumjee Paper,539785,PDMJEPAPER,Paper
Punjab Chemicals,506618,PUNJABCHEM,Pesticides / Agrochemicals - Indian
PVR Inox,532689,PVRINOX,Entertainment / Electronic Media Software
Quess Corp,539978,QUESS,Diversified - Large
Quick Heal Tech,539678,QUICKHEAL,Computers - Software - Medium / Small
R K Swamy,544136,RKSWAMY,Miscellaneous
R R Kabel,543981,RRKABEL,Cables - Power
R Systems Intl.,532735,RSYSTEMS,Computers - Software - Medium / Small
Radhika Jeweltec,540125,RADHIKAJWE,Diamond Cutting / Jewellery
Radico Khaitan,532497,RADICO,Breweries & Distilleries
Raghav Product.,539837,RPEL,Refractories / Intermediates
Rail Vikas,542649,RVNL,Construction
Railtel Corpn.,543265,RAILTEL,Telecommunications - Service Provider
Rain Industries,500339,RAIN,Miscellaneous
Rainbow Child.,543524,RAINBOW,Healthcare
Raj Rayon Inds.,530699,RAJRILTD,Textiles - Processing
Rajesh Exports,531500,RAJESHEXPO,Diamond Cutting / Jewellery
Rajesh Power,544291,,Construction
Rajoo Engineers,522257,,Engineering
Rajratan Global,517522,RAJRATAN,Steel - Medium / Small
Rallis India,500355,RALLIS,Pesticides / Agrochemicals - Indian
Ram Ratna Wires,522281,RAMRAT,Mining / Minerals / Metals
Rama Steel Tubes,539309,RAMASTEEL,Steel - Medium / Small
Ramco Inds.,532369,RAMCOIND,Cement Products
Ramco Systems,532370,RAMCOSYS,Computers - Software - Medium / Small
Ramkrishna Forg.,532527,RKFORGE,Castings & Forgings
Ramky Infra,533262,RAMKY,Construction
Rane Holdings,505800,RANEHOLDIN,Finance & Investments
Rashi Peripheral,544119,RPTECH,Trading
Rategain Travel,543417,RATEGAIN,Computers - Software - Medium / Small
Ratnamani Metals,520111,RATNAMANI,Steel - Medium / Small
RattanIndia Ent,534597,RTNINDIA,Miscellaneous
RattanIndia Pow.,533122,RTNPOWER,Power Generation And Supply
Ravindra Energy,504341,RELTD,Electric Equipment
Raymond,500330,RAYMOND,Construction
Redington,532805,REDINGTON,Trading
Redtape,543957,REDTAPE,Trading
Rel. Indl. Infra,523445,RIIL,Miscellaneous
Relaxo Footwear,530517,RELAXO,Leather / Leather Products
Reliance Industr,500325,RELIANCE,Refineries
Reliance Infra.,500390,RELINFRA,Engineering - Turnkey Services
Reliance Power,532939,RPOWER,Power Generation And Supply
Religare Enterp.,532915,RELIGARE,Finance & Investments
Responsive Ind,505509,RESPONIND,Plastics Products
Rhetan TMT Ltd,543590,,Steel - Medium / Small
RHI Magnesita,534076,RHIM,Refractories / Intermediates
Rico Auto Inds,520008,RICOAUTO,Auto Ancillaries
Rishabh Instrum.,543977,RISHABH,Electric Equipment
Ritco Logistics,542383,RITCO,Miscellaneous
Rites,541556,RITES,Miscellaneous
RMC Switchgears,540358,,Electric Equipment
Rolex Rings,543325,ROLEXRINGS,Castings & Forgings
Rossari Biotech,543213,ROSSARI,Chemicals
Roto Pumps,517500,ROTO,Pumps
RPG LifeScience.,532983,RPGLIFE,Pharmaceuticals - Indian - Bulk Drugs & Formln
RPP Infra Proj.,533284,RPPINFRA,Construction
RPSG Ventures,542333,RPSGVENT,Computers - Software - Medium / Small
Rupa & Co,533552,RUPA,Textiles - Products
S A I L,500113,SAIL,Steel - Large
S C I,523598,SCI,Shipping
S H Kelkar & Co.,539450,SHK,Chemicals
S J Logistics (I,,SJLOGISTIC,Miscellaneous
S P Apparels,540048,SPAL,Textiles - Products
S P I C,590030,SPIC,Fertilizers
Sadhana Nitro,506642,SADHNANIQ,Chemicals
Safari Inds.,523025,SAFARI,Moulded Luggage
Sagar Cements,502090,SAGCEM,Cement - South India
Sagility India,544282,SAGILITY,Miscellaneous
Sahasra Electro.,,SAHASRA,Electronics - Components
Sai Life,544306,SAILIFE,Miscellaneous
Saint-Gob. Sekur,515043,,Glass & Glass Products
Saksoft,590051,SAKSOFT,Computers - Software - Medium / Small
Salasar Techno,540642,SALASAR,Steel - Medium / Small
Salzer Electron.,517059,SALZERELEC,Electric Equipment
Samvardh. Mothe.,517334,MOTHERSON,Auto Ancillaries
Sandhar Tech,541163,SANDHAR,Auto Ancillaries
Sandur Manganese,504918,SANDUMA,Mining / Minerals / Metals
Sangam India,514234,SANGAMIND,Textiles - Spinning - Synthetic / Blended
Sanghvi Movers,530073,SANGHVIMOV,Miscellaneous
Sanofi India,500674,SANOFI,Pharmaceuticals - Multinational
Sansera Enginee.,543358,SANSERA,Auto Ancillaries
Sanstar,544217,SANSTAR,Miscellaneous
Sapphire Foods,543397,SAPPHIRE,Hotels
Sarda Energy,504614,SARDAEN,Steel - Medium / Small
Saregama India,532163,SAREGAMA,Entertainment / Electronic Media Software
Sastasundar Ven.,533259,SASTASUNDR,Finance & Investments
Sat Industries,511076,SATINDLTD,Steel - Medium / Small
Sathlokhar,,SSEGL,Construction
Saurashtra Cem.,502175,SAURASHCEM,Cement - North India
Savita Oil Tech,524667,SOTL,Petrochemicals
SBFC Finance,543959,SBFC,Finance & Investments
SBI Life Insuran,540719,SBILIFE,Finance & Investments
Schaeffler India,505790,SCHAEFFLER,Bearings
Schneider Elect.,534139,SCHNEIDER,Electric Equipment
SEAMEC Ltd,526807,SEAMECLTD,Miscellaneous
Selan Expl. Tech,530075,SELAN,Oil Drilling / Allied Services
SEPC,532945,SEPC,Engineering - Turnkey Services
Sequent Scien.,512529,SEQUENT,Pharmaceuticals - Indian - Bulk Drugs & Formln
Seshasayee Paper,502450,SESHAPAPER,Paper
Sh. Digvijay Cem,502180,SHREDIGCEM,Cement - North India
Sh.Pushkar Chem.,539334,SHREEPUSHK,Dyes And Pigments
Shaily Engineer.,501423,SHAILY,Plastics Products
Shakti Pumps,531431,SHAKTIPUMP,Pumps
Shalby,540797,SHALBY,Healthcare
Shalimar Paints,509874,SHALPAINTS,Paints / Varnishes
Shankara Build.,540425,SHANKARA,Trading
Shanthi Gears,522034,SHANTIGEAR,Engineering
Shanti Educat.,539921,,Miscellaneous
Sharda Cropchem,538666,SHARDACROP,Pesticides / Agrochemicals - Indian
Sharda Motor,535602,SHARDAMOTR,Auto Ancillaries
Shilpa Medicare,530549,SHILPAMED,Pharmaceuticals - Indian - Formulations
Shipping Land,544142,SCILAL,Miscellaneous
Shivalik Bimetal,513097,SBCL,Mining / Minerals / Metals
Shree Cement,500387,SHREECEM,Cement - North India
Shrem InvIT,,SHREMINVIT,Construction
Shriram Pistons,,SHRIPISTON,Auto Ancillaries
Shriram Properti,543419,SHRIRAMPPS,Construction
Shyam Metalics,543299,SHYAMMETL,Steel - Large
Siemens,500550,SIEMENS,Electric Equipment
Signpost India,544117,SIGNPOST,Miscellaneous
Sindhu Trade,532029,SINDHUTRAD,Miscellaneous
Sirca Paints,543686,SIRCA,Trading
SIS,540673,SIS,Miscellaneous
Siyaram Silk,503811,SIYSIL,Textiles - Processing
SJS Enterprises,543387,SJS,Plastics Products
SJVN,533206,SJVN,Miscellaneous
SKF India,500472,SKFINDIA,Bearings
Skipper,538562,SKIPPER,Engineering
Sky Gold,541967,SKYGOLD,Diamond Cutting / Jewellery
SMC Global Sec.,543263,SMCGLOBAL,Finance & Investments
SML ISUZU,505192,SMLISUZU,Automobiles - LCVs / HCVs
SMS Pharma.,532815,SMSPHARMA,Pharmaceuticals - Indian - Bulk Drugs
Snowman Logistic,538635,SNOWMAN,Miscellaneous
Sobha,532784,SOBHA,Construction
Solar Industries,532725,SOLARINDS,Chemicals
Solex Energy,,SOLEX,Electric Equipment
Som Distilleries,507514,SDBL,Breweries & Distilleries
Somany Ceramics,531548,SOMANYCERA,Ceramics - Tiles / Sanitaryware
Sona BLW Precis.,543300,SONACOMS,Auto Ancillaries
Sonata Software,532221,SONATSOFTW,Computers - Software - Medium / Small
Spacenet Enterpr,,SPCENET,Trading
Spectrum Electr.,,SPECTRUM,Electric Equipment
SPML Infra,500402,SPMLINFRA,Construction
Spright Agro,531205,,Trading
Sr.Rayala.Hypo,532842,SRHHYPOLTD,Chemicals
SRF,503806,SRF,Chemicals
Sri Adhik. Bros.,530943,SABTNL,Entertainment / Electronic Media Software
Stanley Lifesty.,544202,STANLEY,Miscellaneous
Star Cement,540575,STARCEMENT,Cement - North India
Star Health Insu,543412,STARHEALTH,Finance & Investments
Steel Exchange,534748,STEELXIND,Steel - Medium / Small
Steelcast,513517,STEELCAS,Castings & Forgings
Sterling & Wils.,542760,SWSOLAR,Engineering - Turnkey Services
Sterling Tools,530759,STERTOOLS,Fasteners
Stove Kraft,543260,STOVEKRAFT,Domestic Appliances
Strides Pharma,532531,STAR,Pharmaceuticals - Indian - Bulk Drugs & Formln
Stylam Industrie,526951,STYLAMIND,Miscellaneous
Styrenix Perfor.,506222,STYRENIX,Petrochemicals
Subex,532348,SUBEXLTD,Computers - Software - Medium / Small
Subros,517168,SUBROS,Auto Ancillaries
Sudarshan Chem.,506655,SUDARSCHEM,Dyes And Pigments
Sula Vineyards,543711,SULA,Breweries & Distilleries
Sumitomo Chemi.,542920,SUMICHEM,Pesticides / Agrochemicals - Indian
Summit Securitie,533306,SUMMITSEC,Finance & Investments
Sun Pharma.Inds.,524715,SUNPHARMA,Pharmaceuticals - Indian - Bulk Drugs & Formln
Sun TV Network,532733,SUNTV,Entertainment / Electronic Media Software
Sundaram Fin.Hol,,SUNDARMHLD,Finance & Investments
Sundram Fasten.,500403,SUNDRMFAST,Auto Ancillaries
Sunflag Iron,500404,SUNFLAG,Steel - Medium / Small
Sunteck Realty,512179,SUNTECK,Construction
Suprajit Engg.,532509,SUPRAJIT,Auto Ancillaries
Supreme Inds.,509930,SUPREMEIND,Plastics Products
Supreme Petroch.,500405,SPLPETRO,Petrochemicals
Supriya Lifesci.,543434,SUPRIYA,Pharmaceuticals - Indian - Bulk Drugs & Formln
Suraj Estate,544054,SURAJEST,Construction
Suraksha Diagno.,544293,SURAKSHA,Healthcare
Suratwwala Busi.,543218,SBGLP,Construction
Surya Roshni,500336,SURYAROSNI,Steel - Large
Suven Life Scie.,530239,SUVEN,Miscellaneous
Suven Pharma,543064,SUVENPHAR,Pharmaceuticals - Indian - Bulk Drugs & Formln
Suyog Telematics,537259,SUYOG,Transmisson Line Towers / Equipment
Suzlon Energy,532667,SUZLON,Electric Equipment
Swan Energy,503310,SWANENERGY,Diversified - Medium / Small
Swaraj Engines,500407,SWARAJENG,Engines
Swelect Energy,532051,SWELECTES,Electric Equipment
Swiggy,544285,SWIGGY,Miscellaneous
Symphony,517385,SYMPHONY,Domestic Appliances
Syncom Formul.,524470,SYNCOMF,Pharmaceuticals - Indian - Formulations
Syngene Intl.,539268,SYNGENE,Miscellaneous
Systematix Corp.,526506,,Finance & Investments
T B Z,534369,TBZ,Diamond Cutting / Jewellery
T N Newsprint,531426,TNPL,Paper
T R I L,532928,TARIL,Electric Equipment
T.V. Today Netw.,532515,TVTODAY,Entertainment / Electronic Media Software
TajGVK Hotels,532390,TAJGVK,Hotels
Talbros Auto.,505160,TALBROAUTO,Auto Ancillaries
Taneja Aerospace,522229,,Miscellaneous
Tanla Platforms,532790,TANLA,Computers - Software - Medium / Small
TARC Ltd,543249,TARC,Construction
Tarsons Products,543399,TARSONS,Miscellaneous
Tata Chemicals,500770,TATACHEM,Chemicals
Tata Consumer,500800,TATACONSUM,Tea
Tata Elxsi,500408,TATAELXSI,Computers - Software - Medium / Small
Tata Inv.Corpn.,501301,TATAINVEST,Finance & Investments
Tata Motors,500570,TATAMOTORS,Automobiles - LCVs / HCVs
Tata Power Co.,500400,TATAPOWER,Power Generation And Supply
Tata Technolog.,544028,TATATECH,Computers - Software - Medium / Small
Tatva Chintan,543321,TATVA,Chemicals
TBO Tek,544174,TBOTEK,Travel Agencies
TCI Express,540212,TCIEXP,Miscellaneous
TCS,532540,TCS,Computers - Software - Large
TD Power Systems,533553,TDPOWERSYS,Electric Equipment
Team Lease Serv.,539658,TEAMLEASE,Miscellaneous
Tech Mahindra,532755,TECHM,Computers - Software - Large
Techno Elec.Engg,542141,TECHNOE,Engineering - Turnkey Services
Technocraf.Inds.,532804,TIIL,Steel - Medium / Small
Tega Inds.,543413,TEGA,Engineering
Tejas Networks,540595,TEJASNET,Telecommunications - Equipment
Texmaco Infrast.,505400,TEXINFRA,Construction
Texmaco Rail,533326,TEXRAIL,Engineering
TGV Sraac,507753,,Chlor Alkali / Soda Ash
Thangamayil Jew.,533158,THANGAMAYL,Diamond Cutting / Jewellery
The Anup Enginee,542460,ANUP,Engineering
The Hi-Tech Gear,522073,HITECHGEAR,Auto Ancillaries
The Invest.Trust,530023,THEINVEST,Finance & Investments
The Ramco Cement,500260,RAMCOCEM,Cement - South India
Thejo Engg.,,THEJO,Engineering
Themis Medicare,530199,THEMISMED,Pharmaceuticals - Indian - Bulk Drugs & Formln
Thermax,500411,THERMAX,Electric Equipment
Thomas Cook (I),500413,THOMASCOOK,Travel Agencies
Thyrocare Tech.,539871,THYROCARE,Healthcare
Tilaknagar Inds.,507205,TI,Breweries & Distilleries
Time Technoplast,532856,TIMETECHNO,Plastics Products
Timex Group,500414,,Miscellaneous
Timken India,522113,TIMKEN,Bearings
Tinna Rubber,530475,,Miscellaneous
Tips Music,532375,TIPSMUSIC,Entertainment / Electronic Media Software
Titagarh Rail,532966,TITAGARH,Engineering
Torrent Pharma.,500420,TORNTPHARM,Pharmaceuticals - Indian - Formulations
Torrent Power,532779,TORNTPOWER,Power Generation And Supply
Tour. Fin. Corp.,526650,TFCILTD,Finance - Term-Lending Institutions
Trent,500251,TRENT,Trading
Triven.Engg.Ind.,532356,TRIVENI,Sugar
Triveni Turbine,533655,TRITURBINE,Electric Equipment
TTK Healthcare,507747,TTKHLTCARE,Diversified - Medium / Small
TTK Prestige,517506,TTKPRESTIG,Domestic Appliances
Tube Investments,540762,TIINDIA,Steel - Large
Tuticorin Alkali,506808,,Chlor Alkali / Soda Ash
TVS Motor Co.,532343,TVSMOTOR,Automobiles - Motorcycles / Mopeds
TVS Supply,543965,TVSSCS,Miscellaneous
Uflex,500148,UFLEX,Packaging
Ujaas Energy,533644,UEL,Electric Equipment
Ultramarine Pig.,506685,,Dyes And Pigments
UltraTech Cem.,532538,ULTRACEMCO,Cement - North India
Unichem Labs.,506690,UNICHEMLAB,Pharmaceuticals - Indian - Bulk Drugs & Formln
Unicommerce,544227,UNIECOM,Computers - Software - Medium / Small
Uniparts India,543689,UNIPARTS,Engineering
Uniphos Enter.,500429,UNIENTER,Trading
United Breweries,532478,UBL,Breweries & Distilleries
United Spirits,532432,UNITDSPR,Breweries & Distilleries
Universal Cables,504212,UNIVCABLES,Cables - Power
Uno Minda,532539,UNOMINDA,Auto Ancillaries
Updater Services,543996,UDS,Miscellaneous
UPL,512070,UPL,Pesticides / Agrochemicals - Indian
Usha Martin,517146,USHAMART,Steel - Medium / Small
UTI AMC,543238,UTIAMC,Finance & Investments
V-Guard Industri,532953,VGUARD,Electric Equipment
Va Tech Wabag,533269,WABAG,Engineering - Turnkey Services
Vaibhav Global,532156,VAIBHAVGBL,Diamond Cutting / Jewellery
Vakrangee,511431,VAKRANGEE,Computers - Software - Medium / Small
Valor Estate,533160,DBREALTY,Construction
Vantage Knowledg,539761,,Miscellaneous
Vardhman Special,534392,VSSL,Steel - Medium / Small
Varroc Engineer,541578,VARROC,Auto Ancillaries
Varun Beverages,540180,VBL,Food - Processing - Indian
Vasa Denticity,,DENTALKART,Trading
Vedant Fashions,543463,MANYAVAR,Textiles - Products
Veedol Corporat,590005,VEEDOL,Chemicals
Veefin Solutions,543931,,Computers - Software - Medium / Small
Venky's (India),523261,VENKEYS,Miscellaneous
Venus Pipes,543528,VENUSPIPES,Steel - Medium / Small
Veranda Learning,543514,VERANDA,Miscellaneous
Veritas (India),512229,,Trading
Vesuvius India,520113,VESUVIUS,Refractories / Intermediates
Vidhi Specialty,531717,VIDHIING,Dyes And Pigments
Vijaya Diagnost.,543350,VIJAYA,Healthcare
Vilas Transcore,,VILAS,Steel - Medium / Small
Vimta Labs,524394,VIMTALABS,Miscellaneous
Vinati Organics,524200,VINATIORGA,Chemicals
Vindhya Telelink,517015,VINDHYATEL,Construction
Vintage Coffee,538920,VINCOFE,Trading
Vinyas Innovativ,,VINYAS,Electronics - Components
Virtuoso Optoel.,543597,,Domestic Appliances
Vishal Mega Mart,544307,VMM,Trading
Vishnu Chemicals,516072,VISHNU,Chemicals
Vishnu Prakash R,543974,VPRPL,Construction
VL E-Governance,543958,VLEGOV,Computers - Software - Medium / Small
VLS Finance,511333,VLSFINANCE,Finance & Investments
Volt.Transform.,532757,VOLTAMP,Electric Equipment
Voltas,500575,VOLTAS,Air-conditioners
VRL Logistics,539118,VRLLOG,Miscellaneous
VST Industries,509966,VSTIND,Cigarettes
Waaree Energies,544277,WAAREEENER,Electric Equipment
Waaree Renewab.,534618,,Engineering - Turnkey Services
Walchan. Inds.,507410,WALCHANNAG,Engineering
Wealth First Por,,WEALTH,Finance & Investments
Websol Energy,517498,WEBELSOLAR,Electric Equipment
Welspun Corp,532144,WELCORP,Steel - Large
Welspun Enterp,532553,WELENT,Construction
Welspun Living,514162,WELSPUNLIV,Textiles - Products
West Coast Paper,500444,WSTCSTPAPR,Paper
Western Carriers,544258,WCIL,Miscellaneous
Wheels India,590073,WHEELS,Auto Ancillaries
Whirlpool India,500238,WHIRLPOOL,Domestic Appliances
Windlas Biotech,543329,WINDLAS,Pharmaceuticals - Indian - Formulations
Windsor Machines,522029,WINDMACHIN,Engineering
Wipro,507685,WIPRO,Computers - Software - Large
Wockhardt,532300,WOCKPHARMA,Pharmaceuticals - Indian - Bulk Drugs & Formln
Wonder Electric.,543449,WEL,Electric Equipment
Wonderla Holiday,538268,WONDERLA,Recreation / Amusement Parks
Worth Investment,538451,,Finance & Investments
WPIL,505872,,Engineering - Turnkey Services
XPRO India,590013,XPROINDIA,Packaging
Yatharth Hospit.,543950,YATHARTH,Healthcare
Yuken India,522108,YUKEN,Engineering
Zaggle Prepaid,543985,ZAGGLE,Computers - Software - Medium / Small
Zee Entertainmen,505537,ZEEL,Entertainment / Electronic Media Software
Zen Technologies,533339,ZENTEC,Miscellaneous
Zensar Tech.,504067,ZENSARTECH,Computers - Software - Medium / Small
ZF Commercial,533023,ZFCVINDIA,Auto Ancillaries
Zinka Logistics,544288,BLACKBUCK,Miscellaneous
Zomato Ltd,543320,ZOMATO,Miscellaneous
Zuari Industries,500780,ZUARIIND,Sugar
Zydus Lifesci.,532321,ZYDUSLIFE,Pharmaceuticals - Indian - Bulk Drugs & Formln
Zydus Wellness,531335,ZYDUSWELL,Food - Processing - Indian
